id,nombre,apellido
1,Paciente 1,P Apellido 1
2,Paciente 2,P Apellido 2
36,Paciente 36,P Apellido 36
20,Paciente 20,P Apellido 20
29,Paciente 29,P Apellido 29
54,Paciente 54,P Apellido 54
38,Paciente 38,P Apellido 38
30,Paciente 30,P Apellido 30
24,Paciente 24,P Apellido 24
11,Paciente 11,P Apellido 11
53,Paciente 53,P Apellido 53
49,Paciente 49,P Apellido 49
10,Paciente 10,P Apellido 10
46,Paciente 46,P Apellido 46
42,Paciente 42,P Apellido 42
16,Paciente 16,P Apellido 16
8,Paciente 8,P Apellido 8
19,Paciente 19,P Apellido 19
5,Paciente 5,P Apellido 5
28,Paciente 28,P Apellido 28
40,Paciente 40,P Apellido 40
32,Paciente 32,P Apellido 32
43,Paciente 43,P Apellido 43
7,Paciente 7,P Apellido 7
60,Paciente 60,P Apellido 60
14,Paciente 14,P Apellido 14
27,Paciente 27,P Apellido 27
15,Paciente 15,P Apellido 15
56,Paciente 56,P Apellido 56
21,Paciente 21,P Apellido 21
52,Paciente 52,P Apellido 52
35,Paciente 35,P Apellido 35
26,Paciente 26,P Apellido 26
6,Paciente 6,P Apellido 6
13,Paciente 13,P Apellido 13
58,Paciente 58,P Apellido 58
22,Paciente 22,P Apellido 22
59,Paciente 59,P Apellido 59
17,Paciente 17,P Apellido 17
25,Paciente 25,P Apellido 25
44,Paciente 44,P Apellido 44
45,Paciente 45,P Apellido 45
33,Paciente 33,P Apellido 33
31,Paciente 31,P Apellido 31
51,Paciente 51,P Apellido 51
55,Paciente 55,P Apellido 55
34,Paciente 34,P Apellido 34
50,Paciente 50,P Apellido 50
57,Paciente 57,P Apellido 57
87,Paciente 87,P Apellido 87
3,Paciente 3,P Apellido 3
4,Paciente 4,P Apellido 4
12,Paciente 12,P Apellido 12
77,Paciente 77,P Apellido 77
65,Paciente 65,P Apellido 65
9,Paciente 9,P Apellido 9
18,Paciente 18,P Apellido 18
48,Paciente 48,P Apellido 48
66,Paciente 66,P Apellido 66
23,Paciente 23,P Apellido 23
63,Paciente 63,P Apellido 63
37,Paciente 37,P Apellido 37
39,Paciente 39,P Apellido 39
41,Paciente 41,P Apellido 41
47,Paciente 47,P Apellido 47
61,Paciente 61,P Apellido 61
62,Paciente 62,P Apellido 62
64,Paciente 64,P Apellido 64
67,Paciente 67,P Apellido 67
68,Paciente 68,P Apellido 68
69,Paciente 69,P Apellido 69
70,Paciente 70,P Apellido 70
230,,
231,,
232,,
233,,
234,,
235,,
236,,
237,,
238,,
239,,
240,,
241,,
242,,
243,,
244,,
245,,
246,,
247,,
248,,
249,,
250,,
251,,
252,,
253,,
254,,
255,,
256,,
257,,
